,ArticByArea,AntarticByArea,TropicalByArea,ArticByPop,AntarticByPop,TropicalByPop
0,8.382956123814132,10.816840899061258,16.658719389431067,12.023255203855324,14.155040556844192,11.953198097054663
1,8.477020870147712,10.635178793431843,16.60507952216018,12.250206095101507,14.111185504657463,11.818098828173937
2,8.448690754274152,11.026119061237944,16.640878032347157,12.324544971469093,14.52575058274838,11.76657429199103
3,8.13074385752261,11.006490780188281,16.820972426850805,12.35102831296052,14.367404677268876,11.936072091068397
4,7.929607766974231,9.920565582015737,16.553843461928746,12.18088611515001,13.48468551508139,11.564980576571385
5,7.707179141455288,9.768475556724493,16.222613022491934,11.926082384644413,13.385866293781977,10.926205036347337
6,7.435944600455851,9.657420530910928,16.377379995271244,11.655138283534118,13.48903432894464,11.048064745380401
7,7.263127034552158,10.29966714184563,16.73225407921986,11.384312227036698,13.794757625332721,11.711553825547481
8,7.273189164976238,11.087890798804148,16.942900302247608,11.290263365689835,14.323269381647885,12.254687772707872
9,7.614174878631378,10.911708202409152,17.00461083548352,11.311822431974145,14.233916473646014,12.47671254028116
10,7.786224117506433,11.31478281868438,17.053119181466993,11.193684122871527,14.69457388703659,12.289068521467707
11,7.883174126592316,11.717601787901847,17.020946927719557,11.149959220112958,15.043360983805302,12.603107368949058
12,8.294743072491574,10.175779717315677,16.912747958744724,11.477578113186281,13.93552108405359,12.486829136334674
13,8.488078525901527,9.557624947064728,16.723469684547965,11.716145084567438,13.396933227754873,11.914076099378988
14,8.332458545746826,10.372831059705202,16.729391877842215,11.63720569930105,13.997929046030897,11.94951423291661
15,8.241157059512394,11.140675503747273,16.713100249030287,11.679672806741616,14.440208048545136,11.875807475266852
16,8.245745678535815,10.757824227237725,16.598559829098818,11.68389249228377,14.2802769776772,11.370105101896538
17,8.204913345302023,11.433380029222404,16.45739516762066,11.82738885096044,14.479788905762229,10.949826231906846
18,8.179715203232563,11.531526582633132,16.488232677818743,11.820140518634675,14.675715089517235,10.718921473795643
19,7.9530429110326155,11.588104871462395,16.71127607964046,11.597975520617698,14.895155374270303,10.94967884512104
20,7.738111689564996,11.388219778906757,16.866272290823204,11.569605801646277,14.875987703344617,11.101193099042003
21,7.3780652336321895,11.750605109741402,16.941675796318773,11.336999366915478,15.150827751423792,11.264459326726415
22,7.161671065008409,12.209568084615851,16.94190496666798,11.267766371203578,15.197082012205097,11.562452871293516
23,7.135361033081903,12.047770624927352,17.01691544846129,11.302111024576412,14.97425622014249,11.992690172512232
24,6.903615913220355,11.621868553848817,17.06895138294864,11.399387256845435,14.742562803799244,12.264990714760042
25,6.859387924199865,11.51920333651561,17.148924742207207,11.455711340608651,14.801809281229044,12.420125636390635
26,7.204062796552384,11.862793793381424,17.201818397612136,11.506806715288462,14.918694237695764,12.685596196465157
27,7.440836324910927,11.725515905115946,17.243874229246213,11.54701519622209,14.875658699948316,12.746887997223556
28,7.497135966795709,11.559205964247145,17.230954943334936,11.571953338672209,14.780288518080708,12.709014443932826
29,7.856809337470531,10.89441321738877,17.395323549265804,11.585574708958642,14.202806945693352,12.618308035052866
30,7.890403992231368,10.593310759029436,17.693699378176014,11.528402873895494,14.315816219111172,12.739266664195156
31,8.10240852123819,11.400765687972134,17.907421755942213,11.822806018818392,15.231824302886322,13.17081764356677
32,8.539164923720447,10.740151449809174,17.835358878841134,12.28693319059623,14.893605776395301,13.17890286898821
33,8.765835814353382,10.719089234738703,17.71405830935355,12.527325261138989,14.76810137511019,12.771255555016177
34,8.835778339329753,11.527333436713164,17.8059324285723,12.67199220408946,15.151062348405455,12.562865480377939
35,8.719841799223126,11.225316293605745,17.877352434628396,12.665968196070928,14.840209970167217,12.473655708567337
36,8.511177229577616,10.896753546963687,17.861909963372913,12.731598686838078,14.886707443877166,12.497801345191029
37,8.415260768539243,11.575577816501761,17.895931518274033,12.487876269936798,15.62790212610876,12.532635721000974
38,8.69383703626794,11.693458213555228,17.902444030117085,12.517273993529495,15.588395445203552,12.701726591715687
39,8.898382621267668,10.693711142306908,17.95345419696685,12.70289353074034,14.771922987195683,12.773226892987795
40,9.132557572584991,10.727256291752505,17.99205880478175,12.893792237660966,14.645836500433909,12.849638480829078
41,9.352427162210127,11.032873743272315,18.172594824265307,13.219233030580032,15.227410788066559,12.78835712616689
42,9.50937278853169,10.924301082127279,18.3173619784594,13.564152761729998,15.11074399321412,12.718782164479652
43,9.616977832562332,10.181376389379333,18.45977384136746,13.893247776977729,14.21081923791429,12.969106698161196
44,9.664099549910038,10.807444283048982,18.5520919638165,13.995065752403733,14.776148990979834,13.276715731768256
45,9.83850205143348,11.645814675740437,18.58294998498275,14.18649949294562,15.487355081860345,13.565077715082527
46,9.90875884028791,11.85223685815774,18.543248997871864,14.368684549716715,15.514001228324828,13.536080682685155
47,9.851773097587714,11.312377353835897,18.515495378698212,14.409426223822209,15.22815319197509,13.405571967729626
48,9.87941954044972,11.529460083461,18.489325384261228,14.718257609896384,15.35527405972032,13.277958699079246
49,9.989234837842268,11.877998577604588,18.605612376304382,15.05224624695215,15.547118941725513,13.44915976302662
50,10.105788902622058,12.497599053131045,18.76770660859628,14.825669860158529,16.08815610663204,14.036684394765848
51,10.242110700366007,12.941599335485813,19.145387066403746,14.695216021922743,16.49475640825022,14.612667514112216
52,10.306038978577977,12.690896208799263,19.152342291684707,14.743368230008905,16.44198282040912,14.421625712024033
53,10.460381989707347,12.416533038469765,19.105083460637406,14.753173686574907,16.197159062902497,13.922104734577205
54,10.750514985887447,12.674333898283574,18.91655333290359,14.90110649544609,16.191826067968073,13.416685618500525
55,10.974031126621531,12.364327800822878,18.703844545723562,15.171780951084104,15.778519686408913,13.242684829993689
56,11.062959676279418,11.245460180145818,18.696724419233405,15.367250380932303,15.118168991053999,13.342706022083549
57,11.259627253380767,11.514253368971271,18.706021041663405,15.554357480093875,15.278058884637659,13.285569423600592
58,11.491062787329207,12.325571837006333,18.970510117810022,15.757823520938162,16.01881332634434,13.45660882311813
59,11.509442837791854,12.541829190922419,19.357699486472182,15.710059758369601,16.381468517904366,13.886374693694956
60,11.547995931686485,12.140563201460086,19.788315306382767,16.11849668642221,15.972659968918983,14.367990208090498
61,11.780840988596013,11.436885193219002,19.982358902278005,16.53705200116462,15.466869125693078,14.633151929701826
62,11.98406197536983,11.534673372220544,20.07549716820014,16.555115164750198,15.411958438399454,14.789404783893044
63,11.904638045722168,11.12635013695509,19.992238400796428,16.23844663960849,15.061843468274745,14.691219988933295
64,11.725797096261683,11.462810338698922,20.05478888797327,16.176832482029795,15.253325561777142,14.82756021319288
65,11.695059713988119,12.535450472015425,20.108093527268508,16.179322117854085,16.011412630638635,14.994109204687108
66,12.026623554409491,13.210775466287004,20.077597314832992,16.19105245302242,16.671196975994047,15.157039972237108
67,12.30621259914027,13.654866827184449,20.31646421972411,16.241616094067837,17.08700614378385,15.610238831999618
68,12.530536443901322,13.709195664411343,20.55895134796349,16.383179367060848,17.22183762473002,15.841306877998447
69,12.68439918966802,13.440932803128282,20.49124421952211,16.774397429780176,16.967725791785607,15.531043278070634
70,12.810260950102426,13.088183212792703,20.438313359051772,17.15781156974997,16.61823589896897,15.376185396097222
71,12.874421915021136,13.265717972361273,20.39114694030536,17.307486078133962,16.75077096203589,15.047240034027755
72,12.893872854952878,13.831713220672874,20.420996001055634,17.42508981349279,17.130529746526445,15.095313287310862
73,12.860778805417922,14.081747060756172,20.67900093035704,17.306350100808746,17.14018718043226,15.53792947622958
74,12.961770450387968,13.828710907354983,20.844337620156217,17.512992221338333,17.158392365168805,15.61563422103336
75,13.191947399590967,13.828551354117552,20.789988094909386,17.86025886570239,17.25698991665311,15.299275433356105
76,13.304250092310657,13.480639681322856,20.696388388201242,18.217236741156167,17.04517712847143,14.954876573155959
77,13.430119663181623,13.1239219223653,20.696310748641814,18.482108632295624,16.785290202831742,15.039289565693613
78,13.404771592951725,13.246500805319174,20.752029397740827,18.395710291540205,16.65634385582856,15.294646762656352
79,13.476292144000519,13.514197843803146,20.864965174230143,18.26606233991484,16.680856913804767,15.315059429116753
80,13.675930830121489,13.102405478952363,20.7527494595708,18.337290286146587,16.636595880048198,15.191126571978394
81,13.728608379656162,13.173694518392626,20.621321721269602,18.340509320950993,16.80483497616342,15.411355593826226
82,13.954479555916931,13.734145185961973,20.410188298812237,18.520772288399698,17.33320540553465,15.398485257872958
83,14.31938121301468,13.80635852577882,20.587436991705903,18.953880495137636,17.483100887370632,15.545584771827155
84,14.440983764680833,13.80545931305797,20.709793393973264,19.337605460299724,17.325111153997803,15.773252558063723
85,14.562626120289206,14.254351620196168,20.89434440328241,19.897111785475495,17.501519818993824,16.023797095196365
86,14.702571256472186,14.582461633265261,21.13608704211021,20.104697421896645,17.68830614319276,16.554368101361483
87,14.677287175927129,14.739829027096588,21.361970935671764,20.18819330290847,17.869227116029947,16.885748252276894
88,14.436302116151374,15.0485529617247,21.765790369238427,20.08559566806541,18.175161826667892,17.21334444726291
89,14.653443484609525,15.054073590175083,21.788576348657585,20.163648309718337,18.153573798409706,17.176592518680273
90,14.885969053372962,14.791544780985166,21.591976019429342,20.42602385252144,17.89677586411824,16.565737668554902
91,15.01897976445051,14.743140314739444,21.579696799526875,20.611163432360993,17.892101117026456,16.827092600182937
92,15.08068163846698,14.945534845450632,21.909236449801575,20.5913614694178,18.205041819916502,17.399694878989706
93,15.144155143885335,14.641049213792321,22.266863523537015,20.537183544494226,18.210088875618823,17.439030606573265
94,15.386430119585288,14.080518529831807,22.11620512714995,20.5234927830007,17.74451423197112,17.060521462469033
95,15.585996700620829,14.516977506389647,21.801275318516275,20.45785957215575,18.044942452629265,16.7620881755436
96,15.833484200770233,14.921105188170976,21.76148834029767,20.474867421054267,18.209905410311777,17.047767687179164
97,16.243661809715572,14.8181881387794,21.818332593365632,20.777766801981343,18.08704204165122,17.493214561791447
98,16.38864849802014,14.857846921874478,21.822287992010555,20.862518406781838,18.196747112815263,17.453185472445455
99,16.56988869352624,15.377699723164266,21.975874024774974,21.000541827907924,18.494387753502444,17.51908329416114
100,16.5858580694299,15.560682142403268,21.99031118124509,21.035064641402613,18.651419224041668,17.294091916211524
101,16.509975066232318,15.705039273697876,22.080551412889978,21.011119596506234,18.78069356764386,17.460483480981004
102,16.702041096623415,16.02599970566622,22.158838792217242,21.293701783293404,19.015561049903305,17.416353101033504
103,16.77169198499764,15.871935801712025,22.361563165225807,21.637842476454697,18.94170545418417,17.677074707448888
104,16.871555118252818,15.692818959779013,22.55465696576176,21.942733497080606,18.73236053742672,18.15942204118407
105,16.867168949804483,16.085720792859746,22.697837440289437,21.868402449645934,18.954491891316792,18.147715869835526
106,16.833112037075566,16.300039673858603,22.860261890613167,22.04096826296648,19.180554068978548,18.07306570423727
107,16.927184039127866,16.494797164482247,23.065854582395698,22.418347920327513,19.433969326359684,18.17016347188287
108,16.957399600278123,16.50133159841885,23.083300467127053,22.414318781728664,19.308762809644676,18.338247852906218
109,17.057954904845108,16.281415138983927,23.01778794093993,22.36945244126829,19.03734902492648,18.422041797910264
110,17.137569430795583,16.4887400017392,23.06820848985081,22.39748794940801,19.14701518414513,18.807761489358786
111,17.178270113132307,16.470487114368535,23.293203820355348,22.43842125468058,19.197392696965167,18.909080359344106
112,17.34767011496906,16.189830415993747,23.21038745913594,22.436061445079705,19.03920338612977,18.44238642935039
113,17.626660797718788,16.141647154290997,23.32764477738502,22.565215027201532,19.119085042134163,18.480674023121527
114,17.88243185089072,16.284712258316276,23.29740413955215,22.67330264220284,19.36760469524314,18.422191169134628
115,17.95988509831326,16.33119177732864,23.24093050632876,22.778452715551932,19.35987419117068,17.926994014061876
116,18.234509370634708,16.14748375069171,23.17147952199966,23.020875504229608,18.97507438370383,17.606062626387153
117,18.441397477073043,16.0803080610189,23.082375778914034,23.37126528145627,18.935380077456657,17.481819545086683
118,18.66147956988204,16.02437333801899,23.12827729084857,23.73654090478118,18.895031363591023,17.858495905747347
119,18.817845774746022,15.946462246348506,23.30945718958948,23.85375076130513,18.809910309563442,18.285335517282295
120,18.96990826337726,16.39925617912055,23.239217392505818,23.89113661762012,19.15522218426155,18.2056688988361
121,19.06553743589249,17.194063658262024,23.330453908385536,23.67064217076296,19.723148152246836,18.6661460472071
122,19.14059616678823,17.39943276318543,23.432955879728105,23.588547907896633,19.95334030674575,18.78073028426999
123,18.93315524471287,17.47091693393794,23.578655207478615,23.686623247036426,19.97075423700823,18.874515948051634
124,19.047728813842014,17.425409507616006,23.91114236102642,23.76918479585209,19.7574337586613,19.25224874196997
125,19.127118857668588,17.53215347597636,24.058088803579828,23.63771765618007,19.74569685502363,19.534175960378786
126,19.13850322545802,17.45154906788095,24.04188016117796,23.6273946802209,19.708074689697373,19.70937873303945
127,19.10361388123674,17.257497032002465,24.17623229416777,23.586053117540136,19.733659116643217,19.82941609191022
128,19.231658221108475,17.357523987742105,24.025365637079258,23.794118465404395,19.889566277642253,19.650828217984294
129,19.24006405298525,17.665428304158247,24.088019195678186,24.078667532158665,20.090733347106774,19.593318325053076
130,19.363444452370352,17.243029237117938,24.23632502301491,24.179316399051313,19.992204979468955,19.97588322823756
131,19.562728828983076,17.287215129144357,24.18757773506975,24.278199226795977,19.81039031342133,20.084488635676344
132,19.646399457709137,17.17479551553036,23.895423463813557,24.461518924093266,19.54954696883855,19.784809638715274
133,19.84727450673916,17.239328426613717,23.67381747626615,24.645721654138068,19.652646891310425,19.326863694199954
134,19.710398414168125,17.401749140559275,23.580363562259677,24.531813577892088,19.854311838934617,19.116534748083
135,19.631827627242362,17.47698715022167,23.681589349883307,24.78003197810053,20.073799160198885,19.372054858646838
136,19.73436066319449,17.99079397827986,23.824669181771284,24.99418036004207,20.44946726206256,19.600363129660703
137,19.96944913834945,18.169435825501587,23.8900626720788,25.15172412452834,20.53593888130464,19.785447273318734
138,20.024498969306496,17.81369950064925,24.04074570373415,25.07814747273049,20.173382656940277,19.8006559455455
139,20.141225573044565,17.500788243371336,23.974783180485158,24.893049944803785,19.944635463167373,19.825031400274558
140,20.20996285935345,17.514030321921553,23.88769464161636,24.909325325261662,19.787192415936445,20.088186647691202
141,20.389238479062904,17.651667659704945,24.09757396270197,24.98498303518877,19.883447858518473,20.51935501506284
142,20.497533757101635,17.954790503278296,24.23323501990158,25.11996061396065,20.179547941643083,20.57482847157624
143,20.568283367242795,18.391203459447862,24.143197094213317,25.389651187395568,20.4381864039883,20.437350322674625
144,20.574315474346935,18.79454411041605,24.16797804687806,25.489478064057376,20.81840499461269,20.398629720219716
145,20.77748635533078,19.145497122149134,24.434586658785292,25.483307288060885,21.182425666394412,20.928936106670875
146,20.982193211255556,19.124858838501783,24.602295917380022,25.471718283009935,21.20476633698576,21.25117543495098
147,20.849485851493824,19.119742814305514,24.50784147163473,25.47295224857778,21.2000992545737,21.273195474238943
148,20.90021923922467,19.07330017940005,24.51579461247084,25.44463819689273,21.196383911802247,21.014337975680778
149,21.026000904932605,18.99684029243751,24.33164000539772,25.55919366945265,20.983599588231968,21.042453966757577
150,20.81616822414371,18.706983741547162,24.365561245578228,25.743235177903827,20.89461114525148,21.29447134223964
151,20.67832371477487,18.532217905059557,24.473522399367393,25.722819937545808,20.784976578268513,21.49410961629659
152,20.86707880633485,18.268227343759072,24.74641711983208,25.712259768366785,20.630711747650388,21.85319418681369
153,20.95434497216273,18.189391214389605,24.822230048123295,25.77931704977719,20.606128603757746,21.868606285732866
154,20.96487342362451,18.37607757695224,24.661240760376273,25.896778409392798,20.716138862226547,21.769661964795237
155,21.03676003726012,18.580077342239047,24.675502458048815,25.902682054969198,20.887842906764597,21.75916389909745
156,21.082340075251164,18.694232946038976,24.661480589409024,25.82816090656911,20.9764152230968,21.42576802383789
157,21.291252160092743,18.76254298860914,24.721041079128913,25.889159003221206,20.97219806826533,21.35607969174916
158,21.41666609335794,18.84676636650023,24.96283662877824,25.930593525618303,20.957465470937393,21.57638074399547
159,21.33014356947609,18.766587427105026,25.189051894191834,25.92319338339847,20.96868011748807,21.57192579473546
160,21.291851975939462,18.996332562054725,25.065012778209457,25.949666338865,21.201286182280594,21.690944555412734
161,21.446335077083646,19.204850580269202,24.864405950985805,25.94217011545457,21.310012955393145,21.814051811495034
162,21.57875248947902,19.143611051446,24.905743399407584,25.924356147129444,21.276989628674993,21.64441698412484
163,21.535923821740333,19.070887310751484,24.870130923144966,25.86575405628198,21.11001392624127,21.477559942476482
164,21.671855917591028,18.783999381768126,24.846822951493554,26.019804120284658,21.148784813324816,21.579929770188045
165,21.654833497692685,18.892436370169648,25.07097972002315,25.82962926823197,21.220149535597304,21.67472179703757
166,21.784233390267833,19.235234589356946,24.938744977749725,25.854283304461003,21.367078113384043,21.438245232440423
167,22.00700957182291,19.514301593288263,24.72561909223286,26.05363072722059,21.570664406012547,21.527431257170196
168,22.218771240175453,19.776073435248342,24.91633326775066,26.156395953702667,21.657696747641968,22.041051418622324
169,22.33945554894191,19.428788391646293,24.83870456462707,26.23252595169518,21.435246220859316,22.1775650275073
170,22.432654024993855,19.274590547269337,24.645716030395764,26.203547167060044,21.32264037736592,21.980572841030693
171,22.392081036187218,19.398912881151762,24.568018239773853,26.11245268816915,21.50880618939711,21.943940706094956
172,22.43091324427726,19.545901449177318,24.657863675262025,26.11400913088434,21.67560724377695,21.968066720142637
173,22.338805697180526,19.825266353414538,24.831280793100255,26.024873009235492,21.829979783587632,22.160689092365697
174,22.236499072006445,19.60466854404034,24.914245965532633,25.98440248576977,21.650327289543082,22.24434716831855
175,22.213385227566526,19.633933997918604,25.060979660547634,26.071434634420847,21.582079792854852,22.503347782947994
176,22.424079171163505,19.693281072960605,25.074345754145277,26.235988356241503,21.55740949614429,22.503081543687475
177,22.457377968927734,19.785053789646632,25.014047061441058,26.282536742315372,21.54036691804258,22.407351243063918
178,22.343233707334072,19.829730097804127,24.990819896605984,26.10061145303755,21.61195840916702,22.3632640859125
179,22.398445190164487,20.11514081600931,25.193341127868635,26.181296649150426,21.877233494163512,22.698301483653413
180,22.411054163340435,20.302755092274957,25.37714002629585,26.14721359506068,22.057810399122538,22.87208764966154
181,22.625569415241603,20.204035809800775,25.207299787371955,26.334409374682544,21.923852498251826,22.745761000258685
182,22.625196964323106,20.174886933774076,25.051606478354273,26.305348826558543,21.921554200443676,22.42795874432426
183,22.544103356319876,20.0443351805899,25.15275576637425,26.23027239991879,21.826161596198812,22.54438155661718
184,22.4283049372357,19.965761091927895,25.330684323529127,26.13155655324212,21.719525582779212,22.936197325652955
185,22.207330315830724,20.184241626931744,25.330681906752897,26.027652052649504,21.849952712914067,23.04367115699062
186,21.961794442389305,20.20933371318405,25.278768627785485,25.812476642908077,21.87015295016978,22.98191513298812
187,21.984014489096378,19.934093932892672,25.442115277657727,25.99561564344078,21.660620023173465,23.11408846073477
188,22.140225969203417,19.736706906671465,25.32944515619978,26.18529542010011,21.501422332548184,22.77158824775561
189,22.253086845124063,19.895818102432393,25.022295480730513,26.017162864567446,21.562079929497216,22.39712094863625
190,22.35491246723681,20.174699773975984,25.080190276224197,26.14134234943039,21.814303330386362,22.446822127484733
191,22.405307387757226,20.284843107978933,25.19630997966118,26.23147451564136,21.962765253305015,22.54815951806295
192,22.392350444307684,20.56483955047822,25.175457680326137,26.36235984001575,22.17406088527818,22.440590861592327
193,22.4389915027027,20.882295229570698,25.25662610922771,26.51725446996316,22.428046925292705,22.207538826611863
194,22.455197454699597,20.878032057768134,25.22897567790238,26.45826427852171,22.48104848789822,22.138491590374596
195,22.60853345320468,20.565471593258483,24.89559207008014,26.34720731516156,22.294443820785226,22.114684529916318
196,22.74091279294784,20.143551369072803,24.8023974155823,26.273948197942364,21.96536244665294,22.46493069309639
197,22.777618725500183,19.972707079202443,24.908630259844266,26.381433074932428,21.792299938562067,22.900061166847742
198,22.780761907710243,20.089721507103015,24.967020156012,26.491382000860078,21.828227634174286,23.16509784385166
199,22.754760296231364,20.38014198389077,25.164679564814854,26.593036121318526,22.08711607337498,23.366403372505275
200,22.83096800709322,20.58275242628526,25.227276495114328,26.69962384932252,22.30620717524605,23.358577864610822
201,22.867505474061208,20.587463678917537,25.116488890458896,26.769931487653682,22.245325216811768,23.212052759092614
202,22.785339944080622,20.290800553475222,25.359167383969346,26.682208693785988,22.06689923867235,23.45528809922335
203,22.744686966825576,20.407739491507826,25.366472384718968,26.6593870385991,22.145955310096507,23.446766491664892
204,22.82718209345914,20.1899015222396,25.247944876143322,26.722701921323292,22.047856775997857,23.57008645229653
205,23.025206882930565,20.348148527411194,25.084936110020294,26.71860969280968,22.112646740048426,23.396359609359592
206,23.17120422044064,20.62999527941168,24.94282897685175,26.656323397783932,22.27520482041803,22.99285493176977
207,23.1927661673926,20.822840121232836,25.063733223609248,26.59560802884671,22.36808856992486,22.774004237913218
208,23.156230873007253,20.850348840068445,25.095739937256834,26.729080921072814,22.402250096422986,22.583994346582195
209,23.003437338552605,20.905781656913817,25.134856804113557,26.673468694117364,22.401255169529012,22.766419649670013
210,22.852778713946176,20.880797960503582,25.20549376522025,26.601419729765244,22.306349530896746,22.93251715814932
211,22.838291176616174,20.746309096896347,25.194740767332632,26.626227839355728,22.206372016525705,22.828071461378823
212,22.823261742556703,20.62246558497704,25.353935311663598,26.56654753810682,22.17356832289977,22.916772983856205
213,22.86949587612526,20.62592763162594,25.457171408545065,26.516059616543124,22.212985710822235,23.215221960922676
214,22.764686750560088,20.526136321392155,25.424801888819637,26.52024962019265,22.114583741196206,23.591977701077635
215,22.653228095454228,20.546220558544096,25.421964004231842,26.647161841397782,22.16538923953175,23.532165090641076
216,22.758957711600864,20.607747647797424,25.3422739635173,26.706856805720026,22.24266463789895,23.20478448036176
217,22.819675551086842,20.809653653958716,25.218724688212564,26.65488208122343,22.403305789722925,23.191721111059742
218,22.74003238012974,20.767039099473116,25.192222838363573,26.480600127379237,22.38587327572908,23.303536585489418
219,22.638524838934963,20.700416023921697,25.13655579333682,26.444628562464352,22.339660788878444,23.112089214145833
220,22.549216912627024,20.69727696693196,24.954863576809284,26.456695810963403,22.380026002256407,22.705753227717032
221,22.61646781587036,20.53120782673316,24.797031009910608,26.516813022444474,22.2231350132848,22.25285790344805
222,22.531391232413934,20.64261394180986,24.70295719380034,26.46881348759155,22.20451145659909,22.074220552387484
223,22.371101200339048,20.728804598059227,24.726173035564756,26.38437752244319,22.271870766786744,22.282396871247332
224,22.445982442429028,20.596379759741573,24.666816557608296,26.406121256811147,22.23509707741499,22.275587044696916
225,22.428819192976547,20.519260572959027,24.731814654156146,26.345701618753914,22.162002919437647,22.221047138854917
226,22.466905035991022,20.521460039557105,24.78113875197477,26.2335499398482,22.206978783413156,22.312222659324412
227,22.305038652603717,20.617065564417032,24.834043672879464,26.130379149829363,22.35561438128754,22.185814786252045
228,22.168685267304934,20.896019476734335,24.698643479748373,26.06165535213182,22.571109323412532,22.10281588979007
229,22.151401132201183,20.99078446289852,24.702315532786912,26.080478177489262,22.561164944003504,22.231687914902984
230,22.133554761017795,20.686779049725274,24.739131544662555,26.11708911138238,22.34106543262615,22.10857017020771
231,22.273101947059907,20.301212567314455,24.811321775379298,26.138346527627746,21.987873663103713,22.06131629226234
232,22.39594316344816,20.087313865263123,24.627450885558815,26.20185266829304,21.730440472420124,21.91765079585419
233,22.230268496113112,19.982703366281932,24.511823074541976,26.059323607857177,21.68261089496775,22.135316629962524
234,21.964734557525215,19.805470897057045,24.635733017712877,25.978476975062403,21.582461843039628,22.437561419529274
235,21.74331330253973,19.956791972313685,24.62945622092416,25.88599966890301,21.607469820184022,22.323228669744417
236,21.52167540957562,19.97719568514067,24.50290681499999,25.62267970317357,21.68463267596298,22.167270339806038
237,21.41262022928803,20.164879945388478,24.608051999857963,25.422625624541656,21.871945477911236,22.48666584318853
238,21.419378324944063,20.243497680984397,24.741130712170083,25.454129146114234,21.989751956124156,22.629412165073315
239,21.31764423488274,20.66520459411728,24.81470156232362,25.44037331715775,22.21188273420707,22.680859108784563
240,21.166452394205134,20.824202779857792,24.840891268341306,25.209509431727888,22.34862689232534,22.560801504203923
241,21.140211851921823,20.581838755453234,24.725839234642766,25.099519046596114,22.304725848039862,22.33983130425491
242,20.997548663363517,20.31449824544793,24.524144271850826,24.98375380404816,22.16754865141184,22.119981746707182
243,20.912471264516856,19.831000984477466,24.420168374215944,24.911986466140274,21.87408324546815,21.62106935758877
244,21.07012093882512,19.877227476894337,24.201018082395297,25.034551851881822,21.787962407343276,21.091564972279844
245,20.972131081826245,19.87620852194286,24.354978151963646,25.110386593027936,21.830728346254716,21.083888429575385
246,20.858334632585077,19.7729370389385,24.46638346632168,25.11681131974274,21.783309295061827,21.200885968747862
247,20.959758769684278,19.645637438776575,24.554372050556907,25.15237311469969,21.622236540163243,21.069062427382907
248,20.88167634986284,19.76819118567049,24.438260871239702,24.968577427896577,21.552820961746544,20.79569574474268
249,20.674293551039774,20.039326616580517,24.136131181605748,24.818407172000462,21.74172207242684,20.461355945733853
250,20.617993134526284,19.924795114084702,23.927219809526193,24.921879358222434,21.794208029544915,20.3531411460304
251,20.490124152816204,19.61044186749456,23.951276671326646,24.91440421508541,21.64563110092464,20.53083976264886
252,20.328218072770728,19.514223705786613,24.048110375207177,24.666300682374445,21.631009115659626,20.540509649798597
253,20.444499651689014,19.66253949407865,24.176710779581065,24.559417228034004,21.597412694931975,20.94653596023823
254,20.48129416072336,19.401762213237358,24.40576713615288,24.47821581838254,21.46133559856528,21.387946395963517
255,20.448076385992167,19.3307307622504,24.462876329176304,24.450990313246457,21.390168774659262,21.23169192738668
256,20.273503529864207,19.599126482759264,24.439092712612627,24.432075689067187,21.548145640789095,20.772271683278575
257,20.102078697940176,19.758653867253823,24.264173013352643,24.368463893126453,21.8250832718724,20.4749993553983
258,19.963299041516976,19.97380232198185,24.143894608967386,24.34676318873401,21.97117099865815,20.404891029137815
259,19.972756646180812,20.118569190902146,24.09895942136013,24.308203188857444,22.033802442845953,20.39112664829281
260,20.049670951250285,20.28572609437854,24.06835707851072,24.226917964635756,22.17408839826099,20.140924326243567
261,19.874577473393117,19.981814892867412,24.11327058058317,24.08068571397736,22.012180756177337,20.031784240741853
262,19.78106766625034,19.795002905643155,23.966232596979534,23.797959881795116,21.87941696925389,19.879757328596906
263,19.629395656219238,19.82233834461502,23.963517165085285,23.704308721973273,21.881128289491834,19.80143669585631
264,19.53504441838699,19.713412046899656,23.84978867464307,23.605980596371776,21.770206828338498,19.582871114696232
265,19.243557389510194,19.498963369764606,23.97727193716534,23.712487347866738,21.55207478818872,19.677589750779664
266,18.993535490366305,19.281116037890712,23.86638692277112,23.644970548173735,21.455747051994,19.545844425165274
267,18.73974385693854,19.25206856995791,23.687309993803936,23.540702658743832,21.40115606999901,19.40650126276633
268,18.662668575217175,19.31074550144737,23.5679399063192,23.52320644581961,21.275216700152136,19.38348011295035
269,18.58328027229757,19.00878118123525,23.59852215599734,23.368353693503277,21.099443983058478,19.685587220199597
270,18.37188110969449,18.986318538745504,23.469487355032136,23.076513946357082,21.059616468763558,19.606858066349492
271,18.210313443232295,18.569604250026956,23.41227739319478,23.0368750364671,20.83948863340443,19.5450233952297
272,18.132936606706878,18.037825791093184,23.450138842335097,23.190678132560954,20.511233294907417,19.183632941792002
273,18.13626849709565,17.921503179382082,23.478949364996726,23.078324752016357,20.414658803470424,18.921653915121674
274,18.29696249497117,17.82818936596577,23.35387899262208,23.072680039829812,20.40313257050628,18.683762466250414
275,18.344459698791024,17.364618071207808,23.29061773232936,22.919338894285193,20.08102661675019,18.544613744488835
276,17.93269990845203,17.730431978679064,23.31182488044027,22.488699895972942,20.13406485998104,18.66522061972489
277,17.855093757807474,17.472133537198765,23.401912675409626,22.30010796726488,20.0914280921302,18.772606595633953
278,17.717790419086683,17.89680173200746,23.418381920256426,22.274955312975685,20.34540019460546,18.56442179914429
279,17.463734838931742,18.26571851710535,23.28196589512838,22.215116048908268,20.536954592509694,18.13875594455519
280,17.237057141038694,18.098613263093114,23.018938454461303,21.93158397287815,20.526703332357666,17.980911138246114
281,16.92336159091379,18.01055084902398,22.867348193957195,21.586499772865373,20.534028697343874,17.951853946644533
282,16.623656981523798,17.66100131460137,22.951190151077046,21.250844648959912,20.18812642519695,18.13375525228179
283,16.49614958638674,17.31094174176029,23.158008191377853,21.126758649408362,19.817481710972654,18.474311300828514
284,16.40053932608812,17.1753235261021,23.27426929966482,21.085730387130745,19.55958134804932,18.61319214900589
285,16.441200178351615,17.135040045771365,23.367316789299085,21.072214763768663,19.61008864914313,18.799597838952845
286,16.495467824088582,16.89858087856492,23.25846828542896,20.951781972946442,19.564780086506683,18.60111337616455
287,16.656935856883898,17.113455492802814,22.959786312481405,21.013401960137738,19.68092731366198,18.499248858686528
288,16.446381240234807,17.083398159145666,23.04942131563062,21.00011784019475,19.479767321894503,18.562759921541996
289,16.33406075295639,16.803831798942458,23.169418733784976,20.916305362760813,19.17683735507934,18.479882068011946
290,16.198948429865446,16.672327329219417,23.042787581508843,20.81933334220948,19.079219010938072,18.207637525885264
291,16.19879777983507,16.766027900587698,22.91826981335795,20.88508026236826,19.213878318872137,17.991072572199805
292,15.857527424710423,17.1000696912851,22.80509516267513,20.849886393015215,19.535053320649247,17.809616265901823
293,15.45780230755177,16.547460666655862,22.735259631696405,20.629744755759464,19.166930088228746,17.672058122950737
294,15.175278340824551,16.437130501740413,22.51808377566661,20.360730984934456,18.90299658257197,17.274897133184492
295,15.15090628851882,16.218445414821495,22.329380705617755,20.110334620955634,18.812105254839835,17.389458273910353
296,15.40471177429301,16.25723849684032,22.382219586746427,20.121626137763826,18.757215710779764,17.859696088317754
297,15.37501239701446,15.986666614419308,22.401992976057848,19.848401817966128,18.366597424344416,17.95530300391902
298,15.107553016360518,15.561868508394015,22.37958682286989,19.605214018639487,18.243623284928457,17.83332946311281
299,15.041272456433184,15.679254940644123,22.1634911769583,19.562111552287313,18.451527463409196,17.14347935883258
300,14.778253783172445,15.693029889112882,21.723016720897927,19.186886958782342,18.340919993141366,16.464488940979482
301,14.48307686355421,16.02006721575692,21.45590234213543,18.670959104432438,18.44297998799826,16.3478711464391
302,14.236794070343736,15.829973606915345,21.409221519331055,18.549626897987025,18.33169290416387,16.1803682985647
303,13.939824033386902,15.446337090295145,21.44724687895513,18.47195340114461,18.08067459223814,16.08103259662556
304,13.93764096178597,15.35624010087646,21.558636779833144,18.460358981623536,17.963896321929614,16.45786599866061
305,13.9014594377367,15.81379517639422,21.513837761321515,18.615958917176233,18.502156777054054,16.473525815094067
306,13.918373003097656,15.85932048106132,21.475097859646016,18.660195720242786,18.509074460817228,16.31306007502295
307,13.88935145516537,15.372952785629565,21.463814659988934,18.593411654464763,18.283812631363148,16.505999637512634
308,13.856593045809483,15.778348307947793,21.238065168436183,18.42974694360712,18.53030960870936,16.37273997272552
309,13.791974014877972,15.787689729791571,20.899496328363146,18.268710441924163,18.520270580036787,15.97361748460883
310,13.465900373227921,14.946733210901785,20.59499623479714,17.789399371653804,17.87586435599396,15.753828683710065
311,13.133638632884592,14.25990414887149,20.490851137445734,17.44647794333034,17.077107757150515,15.385948525720094
312,12.88857539595731,14.2316203602965,20.50967738400453,17.489108120856454,16.942718821358145,15.54715629000688
313,12.702072855944142,14.08007124365018,20.316056994756497,17.434179728246992,16.94465490566287,15.56941821957019
314,12.766012716231677,13.8133504834231,20.250192715769117,17.435106727073826,16.875487954384283,15.460434990326712
315,12.70825495702045,13.583814413139976,20.111591364233863,17.562059071954195,16.485399258550274,15.380367940442595
316,12.41060098380674,13.66873597616733,20.124612593129275,17.45327101585314,16.21457475648878,15.15110533135695
317,12.123748689176345,13.628682140570074,19.9901341955227,17.320207157368216,16.233983585122182,14.827339639004146
318,11.700778593891938,13.92745064071909,19.939320926547225,17.13037613272224,16.55526113772034,15.110525522735319
319,11.533217303822768,13.80329100882703,19.928201363838884,16.99525026871748,16.657655241719826,15.166133860175785
320,11.504485082421732,13.636252547601018,19.859880381593108,16.69654285966224,16.743179018580232,15.056398273691121
321,11.346652314047864,13.790541477819078,19.866751371516553,16.115826665145207,16.88585088474458,14.941129406122263
322,11.104407131220183,13.879344546858785,19.816515916960753,15.942391371252524,16.574672825004104,14.611627427135186
323,11.055385271351025,13.17560923733981,19.740028688364987,15.982632072380555,15.991561034454598,14.566010532423793
324,10.760829946601545,13.014202528859622,19.772155158705253,15.780897109948524,15.970276654339084,14.611313344180129
325,10.411661110886492,12.94957107637217,19.617621966922034,15.298593767583935,15.84802732870711,14.486467988430574
326,10.294063449067531,12.528645668506396,19.72650911485042,14.96938088422642,15.495091272797305,14.436450503542462
327,10.147828621828136,13.243089954321954,19.56740850297528,14.486741767490713,16.046423883500243,14.28999773860616
328,10.262700810559213,13.873029391879976,19.486488261520066,14.405640759649271,16.63809150342622,14.24425825073109
329,10.174405358844187,13.947680593261698,19.485593770200975,14.59839760015371,16.66538360357369,14.169979178085336
330,10.345978489864702,13.675258718347125,19.25518358331003,14.784509021263585,16.30102080198603,13.990771542624264
331,10.519895772211694,13.09387417558419,19.075503036062386,14.848197962146058,16.00654070826004,13.72933329039377
332,10.435278336114648,13.321723681737147,19.165187516066606,14.77910075454911,16.255083706995173,13.541687020268471
333,10.44580046651936,13.091172055851201,19.076977980424903,14.778143013104755,16.28967717015423,13.31119354635142
334,10.463288528243126,13.169603767385777,18.758870341288084,14.80020535542365,16.22124708456081,13.261794435111241
335,10.29557573614048,13.245489217631377,18.575903700789976,14.739215378067364,16.0845617396105,13.465192543402823
336,10.28693533233328,13.060536058972655,18.435121625479912,14.551023247506475,15.837733952861448,13.314435829346786
337,10.131390536940218,12.888791874569302,18.381854927601513,14.121795939639581,15.750584284062251,13.111074615743489
338,10.038359643663222,12.797326149550527,18.415682834441867,13.657229378311266,15.692758854185058,13.14232775045229
339,9.94641854171674,12.38779808140614,18.44556775902653,13.39905070057957,15.469769115693506,13.704789984703188
340,9.81265963248255,12.009848210132958,18.37498268945567,13.197017148679347,15.122712021099922,14.065157831640164
341,9.770608902576564,11.730277319270218,18.340542781529777,13.262568514308642,14.803441600834843,13.975026120956795
342,9.891762045203873,12.208143097338118,18.21267207745368,13.477303332987447,15.007802037698685,13.695199819469112
343,9.845924958578413,12.415055494560674,17.910539903121602,13.520365558251292,15.148661707058514,13.192908628358408
344,9.569791244670315,12.047452894736148,17.685698731263265,13.299035295584323,15.123227734989678,12.925404909267836
345,9.553156147137855,12.415698734627629,17.589052266751402,13.235384357361447,15.5746659401372,12.737426452163021
346,9.519387703970128,12.322658580015437,17.696511244639765,13.08480393720792,15.584785909935084,12.658540573484794
347,9.212604924981353,12.411335137293117,17.78827759183435,12.8372044529836,15.678302506019323,12.871201646012253
348,9.096539382441135,12.070245187307435,17.909087609396764,12.75321658270456,15.239806567705163,13.03056934845197
349,8.77918286420463,11.471397490532025,18.007126343159545,12.461790611377522,15.001837810638456,13.093221970934101
350,8.822384233154771,11.886949844790644,17.79424583682769,12.388723471043331,15.289448431821258,13.141251820743571
351,9.115992170975039,11.660261843567026,17.646078710888634,12.491052189255775,14.831368676092099,13.18733449356567
352,9.273758751505861,11.038709240925037,17.709417141954333,12.58040842896325,14.3072473888781,13.375671343340159
353,8.928456070554544,11.786144401508112,17.875030298489495,12.78092334491806,15.014518436288181,13.475494293339256
354,9.007630494089849,12.439893339596589,17.895432587390353,13.095092791154954,15.575218127127421,13.73811330092519
355,9.147737493555868,12.80218228508521,17.955203788468083,13.214160593393611,15.856968174929786,13.980214003283237
356,9.422590446961397,12.933516384163944,17.806716241023143,12.975137300777064,16.04546471726479,13.915980261651837
357,9.583742106410323,12.874967416971732,17.614208003665862,12.85865996177395,16.055384706229916,13.647872977678896
358,9.394162270971115,12.237548509993903,17.52995651147992,12.681916740082949,15.764387680461535,13.466314667563068
359,8.961433487906564,11.804008747160728,17.364735017622458,12.134751729371997,15.710811621192844,13.239742800963615
360,8.992412887144033,12.164029404202036,17.2295376236528,11.666302437570243,15.81978269145552,12.86568024235876
361,9.025198504346292,11.845829619591077,17.070460808695085,11.66637965524542,15.439744153293208,12.534065056903005
362,8.917844218436676,11.842078415928528,16.979205205168917,11.763390924129336,15.375441827819508,12.212277824965467
363,8.73512066120894,11.364840476097761,16.984187876173966,11.597082398750759,14.960037907238899,12.422173442064905
364,8.716339450477335,11.139575939149157,16.957517521914333,11.68251320070763,14.70466769241113,12.501677490828092
